utc,session,claims,documents,sources,seconds
2026-09-03T07:44:45Z,1,24,4,1,129
2026-09-03T07:46:19Z,2,39,5,2,94
2026-09-03T07:49:35Z,3,53,5,3,196
2026-09-03T07:51:41Z,4,66,6,4,126
2026-09-03T07:54:13Z,5,79,6,5,152
2026-09-03T07:55:45Z,6,83,6,6,92
2026-09-03T07:57:41Z,7,88,6,7,97
2026-09-03T07:59:52Z,8,95,6,8,131
2026-09-03T08:02:16Z,9,115,8,9,144
2026-09-03T08:05:13Z,10,135,9,10,177
2026-09-03T08:08:04Z,11,145,10,11,171
2026-09-03T08:09:26Z,12,165,12,12,82
2026-09-03T08:13:07Z,13,175,12,13,202
2026-09-03T08:15:21Z,14,182,12,14,134
2026-09-03T08:17:16Z,15,187,12,15,115
2026-09-03T08:18:47Z,16,193,12,16,91
2026-09-03T08:21:14Z,17,208,15,17,147
2026-09-03T08:23:07Z,18,212,15,18,113
2026-09-03T08:25:29Z,19,221,15,19,142
2026-09-03T08:27:56Z,20,231,15,20,147
2026-09-03T08:30:09Z,21,242,15,21,133
2026-09-03T08:32:55Z,22,255,15,22,165
2026-09-03T08:35:28Z,23,272,16,23,134
2026-09-03T08:38:10Z,24,288,17,24,162
2026-09-03T08:40:11Z,25,298,19,25,121
2026-09-03T08:42:25Z,26,307,19,26,134
2026-09-03T08:45:14Z,27,315,21,27,169
2026-09-03T08:47:38Z,28,328,23,28,144
2026-09-03T08:49:59Z,29,334,23,29,141
